Workbook

Sheet Лист1
A1: Минимальный показатель | B1: Сумма
A2: 0 | B2: =2^A2 -> 1
A3: 1 | B3: =2^A3 -> 2
A4: 2 | B4: =2^A4 -> 4
A5: 3 | B5: =2^A5 -> 8
A6: 4 | B6: =2^A6 -> 16
A7: 5 | B7: =2^A7 -> 32
A8: 6 | B8: =2^A8 -> 64
A9: 7 | B9: =2^A9 -> 128
A10: 8 | B10: =2^A10 -> 256
A11: 9 | B11: =2^A11 -> 512
A12: 10 | B12: =2^A12 -> 1024
A13: 11 | B13: =2^A13 -> 2048
... A25: 23 | B25: =2^A25 -> 8388608

Sheet Лист2
A1: Максимальный показатель | B1: Сумма
A2: 0 | B2: =3^A2 -> 1
A3: 1 | B3: =3^A3 -> 3
A4: 2 | B4: =3^A4 -> 9
A5: 3 | B5: =3^A5 -> 27
A6: 4 | B6: =3^A6 -> 81
A7: 5 | B7: =3^A7 -> 243
A8: 6 | B8: =3^A8 -> 729
A9: 7 | B9: =3^A9 -> 2187
A10: 8 | B10: =3^A10 -> 6561
A11: 9 | B11: =3^A11 -> 19683
A12: 10 | B12: =3^A12 -> 59049
A13: 11 | B13: =3^A13 -> 177147
... A25: 23 | B25: =3^A25 -> 94143178827

Sheet Лист3
A1: максимальный показатель | B1: сумма для 2 | C1: сумма для 3
A2: 0 | B2: 1 | C2: 1
A3: 1 | B3: 3 | C3: 4
A4: 2 | B4: 7 | C4: 13
A5: 3 | B5: 15 | C5: 40
A6: 4 | B6: 31 | C6: 121
A7: 5 | B7: 63 | C7: 364
A8: 6 | B8: 127 | C8: 1093
A9: 7 | B9: 255 | C9: 3280
A10: 8 | B10: 511 | C10: 9841
A11: 9 | B11: 1023 | C11: 29524
A12: 10 | B12: 2047 | C12: 88573
A13: 11 | B13: 4095 | C13: 265720
... A22: 20 | B22: 2097151 | C22: 5230176601
A23: 21 | B23: 4194303 | C23: 1,5691Е+10
A24: 22 | B24: 8388607 | C24: 4,7072Е+10
A25: 23 | B25: 16777215 | C25: 141215000000

Sheet Лист4
A1: Статистическая функция | B1: Для А (Лист 3) | C1: Для В (Лист 3) | D1: Для С (Лист3)
A2: Среднее значение | B2: =AVERAGE('Лист3'!A2:A25) -> 11.5 | C2: =AVERAGE('Лист3'!B2:B25) -> 1398100.2 | D2: =AVERAGE('Лист3'!C2:C25) -> 6.7754666e+09
A3: Максимальное значение | B3: =AVERAGE('Лист3'!A3:A26) -> 12 | C3: =AVERAGE('Лист3'!B3:B26) -> 1458887.2 | D3: =AVERAGE('Лист3'!C3:C26) -> 7.0981079e+09
A4: Минимальное значение | B4: =AVERAGE('Лист3'!A4:A27) -> 12.5 | C4: =AVERAGE('Лист3'!B4:B27) -> 1525200.1 | D4: =AVERAGE('Лист3'!C4:C27) -> 7.4530132e+09
A5: Медиана | B5: =AVERAGE('Лист3'!A5:A28) -> 13 | C5: =AVERAGE('Лист3'!B5:B28) -> 1597828.3 | D5: =AVERAGE('Лист3'!C5:C28) -> 7.8452771e+09
A6: Мода | B6: =AVERAGE('Лист3'!A6:A29) -> 13.5 | C6: =AVERAGE('Лист3'!B6:B29) -> 1677719 | D6: =AVERAGE('Лист3'!C6:C29) -> 8.2811258e+09
A7: Дисперсия | B7: =AVERAGE('Лист3'!A7:A30) -> 14 | C7: =AVERAGE('Лист3'!B7:B30) -> 1766018.4 | D7: =AVERAGE('Лист3'!C7:C30) -> 8.7682509e+09

Sheet Лист5
B1: 2021 | C1: 2022 | D1: 2023 | E1: 2024 | F1: 2025 | G1: 2026 | H1: 2027
A2: Колледж 1 | B2: 1510000 | C2: 2236476 | D2: 1934765 | E2: 4543534 | F2: 2348887 | G2: 1170004 | H2: 2344598
A3: Колледж 2 | B3: 237800 | C3: 732647 | D3: 567672 | E3: 234234 | F3: 323217 | G3: 634423 | H3: 235455
A4: Колледж 3 | B4: 3211400 | C4: 4873837 | D4: 3654654 | E4: 3453453 | F4: 5435323 | G4: 4586959 | H4: 8576885
A5: Колледж 4 | B5: 4961201 | C5: 7844962 | D5: 6159094 | E5: 8233225 | F5: 8109432 | G5: 6393392 | H5: 11158945
